576;Everton;Everton576@gmail.com
123;Fernando;Fernando123@gmail.com
564;Luiz;Luiz564@gmail.com
879;Ricardo;Ricardo879@gmail.com
321;Maria;Maria321@gmail.com
354;Bruna;Bruna354@gmail.com
489;Gustavo;Gustavo489@gmail.com
231;Marcio;Marcio375@gmail.com;
516;Cleiton;Cleiton516@gmail.com;
856;Mauricio;Mauricio856@gmail.com;
763;Karina;Karina763@gmail.com;
573;Felipe;Felipe573@gmail.com;
645;Juliano;Juliano645@gmail.com;
